Metric,Hybrid,XGBoost_Only,LSTM_Only,Best_Model
MAE (Gwei),0.0019480383967168263,0.0030333830081967213,0.007199746,Hybrid
MAPE (%),2.0344023218514393,3.16595363876286,7.430805265903473,Hybrid
RMSE (Gwei),0.0033346603735051094,0.005061660005377504,0.0079606995,Hybrid
R²,0.9722540488481983,0.9360440557192902,0.8418032974004745,Hybrid
Under-est (%),10.39671682626539,24.043715846994534,4.918032786885246,Hybrid
Hit@ε=5% (%),88.64569083447333,80.05464480874316,28.825136612021858,Hybrid
