{
  "model_type": "arima",
  "model_name": "arima",
  "model_params": {
    "order": [
      5,
      1,
      0
    ]
  },
  "metrics": {
    "mae": 10712824.82283242,
    "mae_wei": 10712824.82283242,
    "mae_gwei": 0.010712824822832421,
    "rmse": 13759354.099666037,
    "rmse_wei": 13759354.099666037,
    "rmse_gwei": 0.013759354099666037,
    "mape": 6.7911099030822095,
    "r2": -0.42544739180402513
  },
  "created_at": "2025-12-11T10:29:48.935770"
}