{
  "mae": 123203073.7064648,
  "mae_wei": 123203073.7064648,
  "mae_gwei": 0.1232030737064648,
  "rmse": 143724267.09095547,
  "rmse_wei": 143724267.09095547,
  "rmse_gwei": 0.14372426709095545,
  "mape": 76.12911240511939,
  "r2": -154.5304054406704
}