{
  "mae_wei": 3033383.0081967213,
  "mae_gwei": 0.0030333830081967213,
  "mape": 3.16595363876286,
  "rmse_wei": 5061660.005377504,
  "rmse_gwei": 0.005061660005377504,
  "r2": 0.9360440557192902,
  "under_estimation_rate": 24.043715846994534,
  "hit_at_epsilon": 80.05464480874316
}