{
  "mae_wei": 7199746.0,
  "mae_gwei": 0.007199746,
  "mape": 7.430805265903473,
  "rmse_wei": 7960699.5,
  "rmse_gwei": 0.0079606995,
  "r2": 0.8418032974004745,
  "under_estimation_rate": 4.918032786885246,
  "hit_at_epsilon": 28.825136612021858
}