{
  "train_loss": [
    1.4940770044412515,
    0.42143140193585255,
    0.34611999464368015,
    0.1148297035116192,
    0.6562792851533007,
    0.10385472884111438,
    0.9388046711188907,
    0.10189936812074013,
    0.2825732338648889,
    0.09671669253801977,
    0.6754013932332371,
    0.09584161309024625,
    0.2873927877995836,
    0.11139325518161058,
    0.26407897922255047,
    0.0485302747413835,
    0.07863875044340728,
    0.08656193250997553,
    0.13366885110735893,
    0.02634942999878286,
    0.5176921315213716,
    0.041077707937204166,
    0.13547242602113355,
    0.08208146217368441,
    0.33652329304628714,
    0.03211360158596494,
    0.07601088402898064,
    0.04883737645864691,
    0.6386647839593536,
    0.040613939248867435,
    0.1052208911991927,
    0.07552355010148572,
    0.08559926625896143,
    0.5321391009556589,
    0.05908284989211147,
    0.2517297205312675,
    0.05466648617245844,
    0.21349177214840095,
    0.06357738089250171,
    0.2752706966488877,
    0.052494336339431395,
    0.2516977391576503,
    0.054559621318843066,
    0.10025920392865673,
    0.05822516229778707,
    0.43700160903215074,
    0.04056217583942495,
    0.3439695405333673,
    0.03907985012094835,
    0.058158398743827305,
    0.04521913471398875,
    0.020913143503505174,
    0.020424255023611556
  ],
  "val_loss": [
    0.032996138324961066,
    0.007109664147719741,
    0.020339862967375666,
    0.003813922645349521,
    0.040964047046145424,
    0.03139503352576867,
    0.07661728592938744,
    0.023774715868057683,
    0.011064807731600013,
    0.008345278969500214,
    0.03638199585839175,
    0.009293404567870311,
    0.011112195221357979,
    0.012375262449495494,
    0.0029563152020273264,
    0.0027644218134810217,
    0.0072597188845975325,
    0.027722334256395698,
    0.0029213136294856668,
    0.0023907049144327175,
    0.0030405939069169108,
    0.003525401873048395,
    0.004312713717808947,
    0.009765114693436772,
    0.002887138893129304,
    0.003237028584408108,
    0.003595384448999539,
    0.007636304078914691,
    0.0070268886629492044,
    0.0014783055485168006,
    0.0007374420356427436,
    0.005796795740025118,
    0.005782314779935405,
    0.012442959370673634,
    0.002148657948055188,
    0.00914118999207858,
    0.0013845205103280023,
    0.009294344286900014,
    0.0014048008270037826,
    0.008683705906150863,
    0.0068620943784480914,
    0.0043816256475111,
    0.002901274783653207,
    0.008943090186221525,
    0.0032040557198342867,
    0.021974470699205995,
    0.006092008683481254,
    0.003339900584251154,
    0.0034860492814914323,
    0.0030138685324345715,
    0.013391124281042721,
    0.0028615284345505643,
    0.005880103956769744
  ],
  "best_epoch": 31
}