{
  "mae": 1.8736782468159994,
  "mae_wei": 1.8736782468159994,
  "mae_gwei": 1.8736782468159994e-09,
  "rmse": 1.873851438009238,
  "rmse_wei": 1.873851438009238,
  "rmse_gwei": 1.873851438009238e-09,
  "mape": 26.29725434212458,
  "r2": -27.4861696174819,
  "under_estimation_rate": 0.0,
  "hit_at_epsilon": 0.0,
  "epsilon": 5.0
}