{
    "r2": 0.9859536031344501,
    "mae": 6043920.841841842,
    "mae_gwei": 0.006043920841841842,
    "rmse": 8010276.832127388,
    "rmse_gwei": 0.008010276832127388,
    "mape": 3.4380771590055534,
    "under_estimation_rate": 15.215215215215217
}