{
  "mae": 1476198.6733333333,
  "mae_gwei": 0.0014761986733333333,
  "rmse": 2844385.158918747,
  "rmse_gwei": 0.002844385158918747,
  "mape": 1.5278090319045075,
  "r2": 0.9793352977627923,
  "under_estimation_rate": 37.46666666666666,
  "hit_at_epsilon": 89.33333333333333,
  "epsilon": 5.0
}