{
  "model_type": "ridge_regression",
  "model_name": "ridge_regression",
  "model_params": {
    "alpha": 1.0
  },
  "metrics": {
    "mae": 86321.88083538003,
    "mae_wei": 86321.88083538003,
    "mae_gwei": 8.632188083538003e-05,
    "rmse": 113275.03126781182,
    "rmse_wei": 113275.03126781182,
    "rmse_gwei": 0.00011327503126781181,
    "mape": 0.048120242195804935,
    "r2": 0.9999971897090121
  },
  "created_at": "2025-12-11T10:48:57.302406"
}