{
  "linear_regression": {
    "mae": 0.27417649104333985,
    "mae_wei": 0.27417649104333985,
    "mae_gwei": 2.7417649104333987e-10,
    "rmse": 0.33158045687840254,
    "rmse_wei": 0.33158045687840254,
    "rmse_gwei": 3.3158045687840254e-10,
    "mape": 1.5846400875410918e-07,
    "r2": 1.0
  },
  "random_forest": {
    "mae": 8404547.06853978,
    "mae_wei": 8404547.06853978,
    "mae_gwei": 0.00840454706853978,
    "rmse": 10175870.138464298,
    "rmse_wei": 10175870.138464298,
    "rmse_gwei": 0.010175870138464297,
    "mape": 4.94634078187416,
    "r2": 0.9773208892819935
  },
  "ridge_regression": {
    "mae": 86321.88083538003,
    "mae_wei": 86321.88083538003,
    "mae_gwei": 8.632188083538003e-05,
    "rmse": 113275.03126781182,
    "rmse_wei": 113275.03126781182,
    "rmse_gwei": 0.00011327503126781181,
    "mape": 0.048120242195804935,
    "r2": 0.9999971897090121
  },
  "lightgbm": {
    "mae": 8027647.264681793,
    "mae_wei": 8027647.264681793,
    "mae_gwei": 0.008027647264681793,
    "rmse": 9406835.746890828,
    "rmse_wei": 9406835.746890828,
    "rmse_gwei": 0.009406835746890828,
    "mape": 4.740505691291303,
    "r2": 0.9806192744778693
  },
  "gbr": {
    "mae": 7756939.926513406,
    "mae_wei": 7756939.926513406,
    "mae_gwei": 0.007756939926513407,
    "rmse": 9122494.188396582,
    "rmse_wei": 9122494.188396582,
    "rmse_gwei": 0.009122494188396583,
    "mape": 4.557068591313887,
    "r2": 0.9817732137744286
  }
}