Metric,Hybrid,XGBoost_Only,Delta_%,Winner
MAE (Gwei),0.0019480383967168263,0.0030333830081967213,55.71474429400914,Hybrid
MAPE (%),2.0344023218514393,3.16595363876286,55.62082311632612,Hybrid
RMSE (Gwei),0.0033346603735051094,0.005061660005377504,51.789370983442026,Hybrid
R²,0.9722540488481983,0.9360440557192902,-3.724334516457412,Hybrid
Under-estimation (%),10.39671682626539,24.043715846994534,13.646999020729144,Hybrid
Hit@ε=5% (%),88.64569083447333,80.05464480874316,-9.691442353099923,Hybrid
