{
  "mae": 1997001.4856361148,
  "mae_gwei": 0.0019970014856361146,
  "rmse": 3120597.9160464723,
  "rmse_gwei": 0.0031205979160464723,
  "mape": 2.1538919573864295,
  "r2": 0.9757019160548795,
  "under_estimation_rate": 11.21751025991792,
  "hit_at_epsilon": 88.78248974008208,
  "epsilon": 5.0
}