{
  "mae": 1948038.3967168264,
  "mae_gwei": 0.0019480383967168263,
  "rmse": 3334660.3735051095,
  "rmse_gwei": 0.0033346603735051094,
  "mape": 2.0344023218514393,
  "r2": 0.9722540488481983,
  "under_estimation_rate": 10.39671682626539,
  "hit_at_epsilon": 88.64569083447333,
  "epsilon": 5.0
}