{
  "mae": 2050844.0355677155,
  "mae_gwei": 0.0020508440355677155,
  "rmse": 3462574.9385036263,
  "rmse_gwei": 0.0034625749385036263,
  "mape": 2.188669478880257,
  "r2": 0.9700846035548555,
  "under_estimation_rate": 16.00547195622435,
  "hit_at_epsilon": 85.3625170998632,
  "epsilon": 5.0
}