{
  "model_type": "gbr",
  "model_name": "gbr",
  "model_params": {
    "n_estimators": 200,
    "learning_rate": 0.1,
    "max_depth": 5
  },
  "metrics": {
    "mae": 7756939.926513406,
    "mae_wei": 7756939.926513406,
    "mae_gwei": 0.007756939926513407,
    "rmse": 9122494.188396582,
    "rmse_wei": 9122494.188396582,
    "rmse_gwei": 0.009122494188396583,
    "mape": 4.557068591313887,
    "r2": 0.9817732137744286
  },
  "created_at": "2025-12-11T10:49:20.322896"
}