{
  "mae": 7756939.926513406,
  "mae_wei": 7756939.926513406,
  "mae_gwei": 0.007756939926513407,
  "rmse": 9122494.188396582,
  "rmse_wei": 9122494.188396582,
  "rmse_gwei": 0.009122494188396583,
  "mape": 4.557068591313887,
  "r2": 0.9817732137744286
}