{
  "mae": 18331400.31565939,
  "mae_wei": 18331400.31565939,
  "mae_gwei": 0.01833140031565939,
  "rmse": 23898283.21279925,
  "rmse_wei": 23898283.21279925,
  "rmse_gwei": 0.02389828321279925,
  "mape": 11.453092685557978,
  "r2": -3.3001985247314254
}