{
  "predicted_base_fee_wei": 166995904,
  "predicted_base_fee_gwei": 0.166995904,
  "buffered_base_fee_wei": 171015558,
  "buffered_base_fee_gwei": 0.1710155583097127,
  "priority_fee_wei": 1500000000,
  "priority_fee_gwei": 1.5,
  "max_fee_per_gas_wei": 1671015558,
  "max_fee_per_gas_gwei": 1.671015558,
  "buffer_multiplier": 1.024070376658536,
  "confidence": 0.9759296233414639,
  "status": "Optimal",
  "status_description": "High confidence - Ready to broadcast",
  "network": "mainnet",
  "current_block": 23667737,
  "current_base_fee_gwei": 0.164963593,
  "current_utilization": 0.5290337777777778,
  "confidence_interval_gwei": 0.004019654309712723,
  "timestamp": "2025-10-27T15:58:04.107629"
}