{
  "timestamp": "2025-10-27T15:16:03.883766",
  "predicted_base_fee_gwei": 0.183031,
  "confidence_interval": 0.00402,
  "lower_bound_gwei": 0.179012,
  "upper_bound_gwei": 0.187051,
  "recommended_base_fee_gwei": 0.201334,
  "model_performance": {
    "mae_gwei": 0.0020508440355677155,
    "mape_percent": 2.188669478880257,
    "r2": 0.9700846035548555,
    "hit_at_5_percent": 85.3625170998632
  }
}