{
  "mae": 37530627.21954026,
  "rmse": 40177424.93660141,
  "mape": 38.02553398104265,
  "r2": -3.123030434757813,
  "mae_gwei": 0.03753062721954026,
  "rmse_gwei": 0.04017742493660141
}