{
  "mae": 20424279.75587811,
  "mae_wei": 20424279.75587811,
  "mae_gwei": 0.02042427975587811,
  "rmse": 22539045.24514183,
  "rmse_wei": 22539045.24514183,
  "rmse_gwei": 0.02253904524514183,
  "mape": 12.707604768978456,
  "r2": -2.824953233239198
}